market,status,base,quote,pricePrecision,minOrderInBaseAsset,minOrderInQuoteAsset,maxOrderInBaseAsset,maxOrderInQuoteAsset,orderTypes
POLYX-EUR,trading,POLYX,EUR,5,11.470558,5,1000000000,1000000000,"['market', 'limit', 'stopLoss', 'stopLossLimit', 'takeProfit', 'takeProfitLimit']"
APT-EUR,trading,APT,EUR,5,0.45000000,5.00,1000000000.00000000,1000000000.00,"['market', 'limit', 'stopLoss', 'stopLossLimit', 'takeProfit', 'takeProfitLimit']"
VANRY-EUR,trading,VANRY,EUR,5,23,5,1000000000,1000000000,"['market', 'limit', 'stopLoss', 'stopLossLimit', 'takeProfit', 'takeProfitLimit']"
CTSI-EUR,trading,CTSI,EUR,5,10,5,1000000000,1000000000,"['market', 'limit', 'stopLoss', 'stopLossLimit', 'takeProfit', 'takeProfitLimit']"
MAVIA-EUR,trading,MAVIA,EUR,5,0.8474576271,5,1000000000,1000000000,"['market', 'limit', 'stopLoss', 'stopLossLimit', 'takeProfit', 'takeProfitLimit']"
W-EUR,trading,W,EUR,5,0.08,5,1000000000,1000000000,"['market', 'limit', 'stopLoss', 'stopLossLimit', 'takeProfit', 'takeProfitLimit']"
CHILLGUY-EUR,trading,CHILLGUY,EUR,5,14.21705609,5,1000000000,1000000000,"['market', 'limit', 'stopLoss', 'stopLossLimit', 'takeProfit', 'takeProfitLimit']"
MOCA-EUR,halted,MOCA,EUR,5,5.89284663,5,1000000000,1000000000,"['market', 'limit', 'stopLoss', 'stopLossLimit', 'takeProfit', 'takeProfitLimit']"
ONDO-EUR,trading,ONDO,EUR,5,6.681639,5,1000000000,1000000000,"['market', 'limit', 'stopLoss', 'stopLossLimit', 'takeProfit', 'takeProfitLimit']"
AVAX-EUR,trading,AVAX,EUR,5,0.13,5,1000000000,1000000000,"['market', 'limit', 'stopLoss', 'stopLossLimit', 'takeProfit', 'takeProfitLimit']"
IMX-EUR,trading,IMX,EUR,5,1.73,5,1000000000,1000000000,"['market', 'limit', 'stopLoss', 'stopLossLimit', 'takeProfit', 'takeProfitLimit']"
IOST-EUR,trading,IOST,EUR,5,441,5,1000000000,1000000000,"['market', 'limit', 'stopLoss', 'stopLossLimit', 'takeProfit', 'takeProfitLimit']"
HIGH-EUR,trading,HIGH,EUR,5,1.61,5,1000000000,1000000000,"['market', 'limit', 'stopLoss', 'stopLossLimit', 'takeProfit', 'takeProfitLimit']"
SOL-USDC,trading,SOL,USDC,5,0.02327638378,5,1000000000,1000000000,"['market', 'limit', 'stopLoss', 'stopLossLimit', 'takeProfit', 'takeProfitLimit']"
AUCTION-EUR,trading,AUCTION,EUR,5,0.18,5,1000000000,1000000000,"['market', 'limit', 'stopLoss', 'stopLossLimit', 'takeProfit', 'takeProfitLimit']"
MASK-EUR,trading,MASK,EUR,5,1,5,1000000000,1000000000,"['market', 'limit', 'stopLoss', 'stopLossLimit', 'takeProfit', 'takeProfitLimit']"
RAD-EUR,trading,RAD,EUR,5,3.7,5,1000000000,1000000000,"['market', 'limit', 'stopLoss', 'stopLossLimit', 'takeProfit', 'takeProfitLimit']"
BANANA-EUR,trading,BANANA,EUR,5,0.09057802,5,1000000000,1000000000,"['market', 'limit', 'stopLoss', 'stopLossLimit', 'takeProfit', 'takeProfitLimit']"
SUI-EUR,trading,SUI,EUR,5,1.657907,5,1000000000,1000000000,"['market', 'limit', 'stopLoss', 'stopLossLimit', 'takeProfit', 'takeProfitLimit']"
BADGER-EUR,trading,BADGER,EUR,5,1.00000000,5.00,1000000000.00000000,1000000000.00,"['market', 'limit', 'stopLoss', 'stopLossLimit', 'takeProfit', 'takeProfitLimit']"
LPT-EUR,trading,LPT,EUR,5,0.3,5,1000000000,1000000000,"['market', 'limit', 'stopLoss', 'stopLossLimit', 'takeProfit', 'takeProfitLimit']"
ORDI-EUR,trading,ORDI,EUR,5,0.06,5,1000000000,1000000000,"['market', 'limit', 'stopLoss', 'stopLossLimit', 'takeProfit', 'takeProfitLimit']"
ALICE-EUR,trading,ALICE,EUR,5,2.72,5,1000000000,1000000000,"['market', 'limit', 'stopLoss', 'stopLossLimit', 'takeProfit', 'takeProfitLimit']"
RVN-EUR,trading,RVN,EUR,5,189,5,1000000000,1000000000,"['market', 'limit', 'stopLoss', 'stopLossLimit', 'takeProfit', 'takeProfitLimit']"
CAT-EUR,trading,CAT,EUR,5,147058.823529,5,10000000000,1000000000,"['market', 'limit', 'stopLoss', 'stopLossLimit', 'takeProfit', 'takeProfitLimit']"
PUNDIX-EUR,trading,PUNDIX,EUR,5,9.35,5,1000000000,1000000000,"['market', 'limit', 'stopLoss', 'stopLossLimit', 'takeProfit', 'takeProfitLimit']"
ZK-EUR,trading,ZK,EUR,5,5,5,1000000000,1000000000,"['market', 'limit', 'stopLoss', 'stopLossLimit', 'takeProfit', 'takeProfitLimit']"
CRV-EUR,trading,CRV,EUR,5,7.03000000,5.00,1000000000.00000000,1000000000.00,"['market', 'limit', 'stopLoss', 'stopLossLimit', 'takeProfit', 'takeProfitLimit']"
ERN-EUR,trading,ERN,EUR,5,1.46,5,1000000000,1000000000,"['market', 'limit', 'stopLoss', 'stopLossLimit', 'takeProfit', 'takeProfitLimit']"
PNUT-EUR,trading,PNUT,EUR,5,3.189164,5,1000000000,1000000000,"['market', 'limit', 'stopLoss', 'stopLossLimit', 'takeProfit', 'takeProfitLimit']"
SWELL-EUR,trading,SWELL,EUR,5,135.50750070,5.00,1000000000.00000000,1000000000.00,"['market', 'limit', 'stopLoss', 'stopLossLimit', 'takeProfit', 'takeProfitLimit']"
DBR-EUR,trading,DBR,EUR,5,233.61672947,5,1000000000,1000000000,"['market', 'limit', 'stopLoss', 'stopLossLimit', 'takeProfit', 'takeProfitLimit']"
TRB-EUR,trading,TRB,EUR,5,0.04000000,5.00,1000000000.00000000,1000000000.00,"['market', 'limit', 'stopLoss', 'stopLossLimit', 'takeProfit', 'takeProfitLimit']"
LINK-EUR,trading,LINK,EUR,5,0.27,5,1000000000,1000000000,"['market', 'limit', 'stopLoss', 'stopLossLimit', 'takeProfit', 'takeProfitLimit']"
POND-EUR,trading,POND,EUR,5,217.00000000,5.00,1000000000.00000000,1000000000.00,"['market', 'limit', 'stopLoss', 'stopLossLimit', 'takeProfit', 'takeProfitLimit']"
SFP-EUR,trading,SFP,EUR,5,7.93000000,5.00,1000000000.00000000,1000000000.00,"['market', 'limit', 'stopLoss', 'stopLossLimit', 'takeProfit', 'takeProfitLimit']"
HOOK-EUR,trading,HOOK,EUR,5,4.132231405,5,1000000000,1000000000,"['market', 'limit', 'stopLoss', 'stopLossLimit', 'takeProfit', 'takeProfitLimit']"
REQ-EUR,trading,REQ,EUR,5,30,5,1000000000,1000000000,"['market', 'limit', 'stopLoss', 'stopLossLimit', 'takeProfit', 'takeProfitLimit']"
TAIKO-EUR,trading,TAIKO,EUR,5,3,5,1000000000,1000000000,"['market', 'limit', 'stopLoss', 'stopLossLimit', 'takeProfit', 'takeProfitLimit']"
OMNI-EUR,trading,OMNI,EUR,5,0.3,5,1000000000,1000000000,"['market', 'limit', 'stopLoss', 'stopLossLimit', 'takeProfit', 'takeProfitLimit']"
DATA-EUR,trading,DATA,EUR,5,75.47,5,1000000000,1000000000,"['market', 'limit', 'stopLoss', 'stopLossLimit', 'takeProfit', 'takeProfitLimit']"
DIA-EUR,trading,DIA,EUR,5,6.643774,5,1000000000,1000000000,"['market', 'limit', 'stopLoss', 'stopLossLimit', 'takeProfit', 'takeProfitLimit']"
VET-USDC,halted,VET,USDC,5,109,5,1000000000,1000000000,"['market', 'limit', 'stopLoss', 'stopLossLimit', 'takeProfit', 'takeProfitLimit']"
API3-EUR,trading,API3,EUR,5,1.49,5,1000000000,1000000000,"['market', 'limit', 'stopLoss', 'stopLossLimit', 'takeProfit', 'takeProfitLimit']"
ADA-EUR,trading,ADA,EUR,5,7.05,5,1000000000,1000000000,"['market', 'limit', 'stopLoss', 'stopLossLimit', 'takeProfit', 'takeProfitLimit']"
RUNE-EUR,trading,RUNE,EUR,5,0.97000000,5.00,1000000000.00000000,1000000000.00,"['market', 'limit', 'stopLoss', 'stopLossLimit', 'takeProfit', 'takeProfitLimit']"
VRA-EUR,trading,VRA,EUR,5,400.3202562,5,1000000000,1000000000,"['market', 'limit', 'stopLoss', 'stopLossLimit', 'takeProfit', 'takeProfitLimit']"
ENJ-EUR,trading,ENJ,EUR,5,9.44000000,5.00,1000000000.00000000,1000000000.00,"['market', 'limit', 'stopLoss', 'stopLossLimit', 'takeProfit', 'takeProfitLimit']"
ELF-EUR,trading,ELF,EUR,5,10.00000000,5.00,1000000000.00000000,1000000000.00,"['market', 'limit', 'stopLoss', 'stopLossLimit', 'takeProfit', 'takeProfitLimit']"
METIS-EUR,trading,METIS,EUR,5,0.05258729491,5,1000000000,1000000000,"['market', 'limit', 'stopLoss', 'stopLossLimit', 'takeProfit', 'takeProfitLimit']"
RENDER-EUR,trading,RENDER,EUR,5,0.89212892,5,1000000000,1000000000,"['market', 'limit', 'stopLoss', 'stopLossLimit', 'takeProfit', 'takeProfitLimit']"
ALT-EUR,trading,ALT,EUR,5,14,5,1000000000,1000000000,"['market', 'limit', 'stopLoss', 'stopLossLimit', 'takeProfit', 'takeProfitLimit']"
SAND-EUR,trading,SAND,EUR,5,6,5,1000000000,1000000000,"['market', 'limit', 'stopLoss', 'stopLossLimit', 'takeProfit', 'takeProfitLimit']"
DYDX-EUR,trading,DYDX,EUR,5,1.47,5,1000000000,1000000000,"['market', 'limit', 'stopLoss', 'stopLossLimit', 'takeProfit', 'takeProfitLimit']"
IO-EUR,trading,IO,EUR,5,2,5,1000000000,1000000000,"['market', 'limit', 'stopLoss', 'stopLossLimit', 'takeProfit', 'takeProfitLimit']"
DGB-EUR,trading,DGB,EUR,5,338,5,1000000000,1000000000,"['market', 'limit', 'stopLoss', 'stopLossLimit', 'takeProfit', 'takeProfitLimit']"
IP-EUR,trading,IP,EUR,5,6.32107863,5,1000000000,1000000000,"['market', 'limit', 'stopLoss', 'stopLossLimit', 'takeProfit', 'takeProfitLimit']"
NEIRO-EUR,trading,NEIRO,EUR,5,1971.60883300,5.00,1000000000.00000000,1000000000.00,"['market', 'limit', 'stopLoss', 'stopLossLimit', 'takeProfit', 'takeProfitLimit']"
RLC-EUR,trading,RLC,EUR,5,1,5,1000000000,1000000000,"['market', 'limit', 'stopLoss', 'stopLossLimit', 'takeProfit', 'takeProfitLimit']"
PHA-EUR,trading,PHA,EUR,5,23.939332,5,1000000000,1000000000,"['market', 'limit', 'stopLoss', 'stopLossLimit', 'takeProfit', 'takeProfitLimit']"
HFT-EUR,trading,HFT,EUR,5,11.48105626,5,1000000000,1000000000,"['market', 'limit', 'stopLoss', 'stopLossLimit', 'takeProfit', 'takeProfitLimit']"
USDC-EUR,trading,USDC,EUR,5,5.000000,5.00,1000000000.000000,1000000000.00,"['market', 'limit', 'stopLoss', 'stopLossLimit', 'takeProfit', 'takeProfitLimit']"
IQ-EUR,trading,IQ,EUR,5,837,5,1000000000,1000000000,"['market', 'limit', 'stopLoss', 'stopLossLimit', 'takeProfit', 'takeProfitLimit']"
QKC-EUR,trading,QKC,EUR,5,500,5,1000000000,1000000000,"['market', 'limit', 'stopLoss', 'stopLossLimit', 'takeProfit', 'takeProfitLimit']"
MKR-EUR,trading,MKR,EUR,5,0.002,5,1000000000,1000000000,"['market', 'limit', 'stopLoss', 'stopLossLimit', 'takeProfit', 'takeProfitLimit']"
RDNT-EUR,trading,RDNT,EUR,5,14.14,5,1000000000,1000000000,"['market', 'limit', 'stopLoss', 'stopLossLimit', 'takeProfit', 'takeProfitLimit']"
TAI-EUR,trading,TAI,EUR,5,14.63058539,5,1000000000,1000000000,"['market', 'limit', 'stopLoss', 'stopLossLimit', 'takeProfit', 'takeProfitLimit']"
XVG-EUR,trading,XVG,EUR,5,831,5,1000000000,1000000000,"['market', 'limit', 'stopLoss', 'stopLossLimit', 'takeProfit', 'takeProfitLimit']"
XRP-USDC,trading,XRP,USDC,5,2.5023,5,1000000000,1000000000,"['market', 'limit', 'stopLoss', 'stopLossLimit', 'takeProfit', 'takeProfitLimit']"
BIO-EUR,trading,BIO,EUR,5,21.41678223,5,1000000000,1000000000,"['market', 'limit', 'stopLoss', 'stopLossLimit', 'takeProfit', 'takeProfitLimit']"
QTUM-EUR,trading,QTUM,EUR,5,1.03,5,1000000000,1000000000,"['market', 'limit', 'stopLoss', 'stopLossLimit', 'takeProfit', 'takeProfitLimit']"
CAKE-EUR,trading,CAKE,EUR,5,1.62,5,1000000000,1000000000,"['market', 'limit', 'stopLoss', 'stopLossLimit', 'takeProfit', 'takeProfitLimit']"
BTC-EUR,trading,BTC,EUR,5,0.000061,5,1000000000,1000000000,"['market', 'limit', 'stopLoss', 'stopLossLimit', 'takeProfit', 'takeProfitLimit']"
RPL-EUR,trading,RPL,EUR,5,0.17,5,1000000000,1000000000,"['market', 'limit', 'stopLoss', 'stopLossLimit', 'takeProfit', 'takeProfitLimit']"
DOT-EUR,trading,DOT,EUR,5,0.55,5,1000000000,1000000000,"['market', 'limit', 'stopLoss', 'stopLossLimit', 'takeProfit', 'takeProfitLimit']"
PHB-EUR,trading,PHB,EUR,5,2.819343,5,1000000000,1000000000,"['market', 'limit', 'stopLoss', 'stopLossLimit', 'takeProfit', 'takeProfitLimit']"
FLOW-EUR,trading,FLOW,EUR,5,4.42,5,1000000000,1000000000,"['market', 'limit', 'stopLoss', 'stopLossLimit', 'takeProfit', 'takeProfitLimit']"
ICP-EUR,trading,ICP,EUR,5,0.41,5,1000000000,1000000000,"['market', 'limit', 'stopLoss', 'stopLossLimit', 'takeProfit', 'takeProfitLimit']"
GRT-EUR,trading,GRT,EUR,5,17.62,5,1000000000,1000000000,"['market', 'limit', 'stopLoss', 'stopLossLimit', 'takeProfit', 'takeProfitLimit']"
REZ-EUR,trading,REZ,EUR,5,31,5,1000000000,1000000000,"['market', 'limit', 'stopLoss', 'stopLossLimit', 'takeProfit', 'takeProfitLimit']"
BLUR-EUR,trading,BLUR,EUR,5,5,5,1000000000,1000000000,"['market', 'limit', 'stopLoss', 'stopLossLimit', 'takeProfit', 'takeProfitLimit']"
EUROC-USDC,halted,EUROC,USDC,5,5,5,1000000000,1000000000,"['market', 'limit', 'stopLoss', 'stopLossLimit', 'takeProfit', 'takeProfitLimit']"
RARE-EUR,trading,RARE,EUR,5,30.16733335,5,1000000000,1000000000,"['market', 'limit', 'stopLoss', 'stopLossLimit', 'takeProfit', 'takeProfitLimit']"
MOVR-EUR,trading,MOVR,EUR,5,0.22000000,5.00,1000000000.00000000,1000000000.00,"['market', 'limit', 'stopLoss', 'stopLossLimit', 'takeProfit', 'takeProfitLimit']"
JUP-EUR,trading,JUP,EUR,5,4.583,5.00,1000000000.000,1000000000.00,"['market', 'limit', 'stopLoss', 'stopLossLimit', 'takeProfit', 'takeProfitLimit']"
CFG-EUR,trading,CFG,EUR,5,12,5,1000000000,1000000000,"['market', 'limit', 'stopLoss', 'stopLossLimit', 'takeProfit', 'takeProfitLimit']"
SEI-USDC,trading,SEI,USDC,5,8.46023689,5.000000,1000000000.00000000,1000000000.000000,"['market', 'limit', 'stopLoss', 'stopLossLimit', 'takeProfit', 'takeProfitLimit']"
PRIME-EUR,trading,PRIME,EUR,5,0.36,5,1000000000,1000000000,"['market', 'limit', 'stopLoss', 'stopLossLimit', 'takeProfit', 'takeProfitLimit']"
POLS-EUR,trading,POLS,EUR,5,5.00000000,5.00,1000000000.00000000,1000000000.00,"['market', 'limit', 'stopLoss', 'stopLossLimit', 'takeProfit', 'takeProfitLimit']"
AVAX-USDC,trading,AVAX,USDC,5,0.10820168,5.000000,1000000000.00000000,1000000000.000000,"['market', 'limit', 'stopLoss', 'stopLossLimit', 'takeProfit', 'takeProfitLimit']"
CLV-EUR,trading,CLV,EUR,5,73,5,1000000000,1000000000,"['market', 'limit', 'stopLoss', 'stopLossLimit', 'takeProfit', 'takeProfitLimit']"
SOL-EUR,trading,SOL,EUR,5,0.025249,5,1000000000,1000000000,"['market', 'limit', 'stopLoss', 'stopLossLimit', 'takeProfit', 'takeProfitLimit']"
DOGE-USDC,trading,DOGE,USDC,5,12.65,5,1000000000,1000000000,"['market', 'limit', 'stopLoss', 'stopLossLimit', 'takeProfit', 'takeProfitLimit']"
BLAST-EUR,trading,BLAST,EUR,5,650.36303754,5,1000000000,1000000000,"['market', 'limit', 'stopLoss', 'stopLossLimit', 'takeProfit', 'takeProfitLimit']"
GAS-EUR,trading,GAS,EUR,5,0.72,5,1000000000,1000000000,"['market', 'limit', 'stopLoss', 'stopLossLimit', 'takeProfit', 'takeProfitLimit']"
MEME-EUR,trading,MEME,EUR,5,230,5,1000000000,1000000000,"['market', 'limit', 'stopLoss', 'stopLossLimit', 'takeProfit', 'takeProfitLimit']"
DOGS-EUR,trading,DOGS,EUR,5,4560.41077900,5.00,1000000000.00000000,1000000000.00,"['market', 'limit', 'stopLoss', 'stopLossLimit', 'takeProfit', 'takeProfitLimit']"
UMA-EUR,trading,UMA,EUR,5,1.24,5,1000000000,1000000000,"['market', 'limit', 'stopLoss', 'stopLossLimit', 'takeProfit', 'takeProfitLimit']"
KAIA-EUR,trading,KAIA,EUR,5,41.49377593,5,1000000000,1000000000,"['market', 'limit', 'stopLoss', 'stopLossLimit', 'takeProfit', 'takeProfitLimit']"
CORE-EUR,trading,CORE,EUR,5,3.9433117,5,1000000000,1000000000,"['market', 'limit', 'stopLoss', 'stopLossLimit', 'takeProfit', 'takeProfitLimit']"
COTI-EUR,trading,COTI,EUR,5,30.00000000,5.00,1000000000.00000000,1000000000.00,"['market', 'limit', 'stopLoss', 'stopLossLimit', 'takeProfit', 'takeProfitLimit']"
WIF-USDC,trading,WIF,USDC,5,1.661130,5.000000,1000000000.000000,1000000000.000000,"['market', 'limit', 'stopLoss', 'stopLossLimit', 'takeProfit', 'takeProfitLimit']"
ENS-EUR,trading,ENS,EUR,5,0.25,5,1000000000,1000000000,"['market', 'limit', 'stopLoss', 'stopLossLimit', 'takeProfit', 'takeProfitLimit']"
SSV-EUR,trading,SSV,EUR,5,0.122702,5,1000000000,1000000000,"['market', 'limit', 'stopLoss', 'stopLossLimit', 'takeProfit', 'takeProfitLimit']"
MANTA-EUR,trading,MANTA,EUR,5,2,5,1000000000,1000000000,"['market', 'limit', 'stopLoss', 'stopLossLimit', 'takeProfit', 'takeProfitLimit']"
TRAC-EUR,trading,TRAC,EUR,5,5,5,1000000000,1000000000,"['market', 'limit', 'stopLoss', 'stopLossLimit', 'takeProfit', 'takeProfitLimit']"
KNC-EUR,trading,KNC,EUR,5,6.61,5,1000000000,1000000000,"['market', 'limit', 'stopLoss', 'stopLossLimit', 'takeProfit', 'takeProfitLimit']"
TAO-EUR,trading,TAO,EUR,5,0.009374,5,1000000000,1000000000,"['market', 'limit', 'stopLoss', 'stopLossLimit', 'takeProfit', 'takeProfitLimit']"
PLUME-EUR,trading,PLUME,EUR,5,39.70807345,5,1000000000,1000000000,"['market', 'limit', 'stopLoss', 'stopLossLimit', 'takeProfit', 'takeProfitLimit']"
MIOTA-EUR,trading,MIOTA,EUR,5,16.1,5,1000000000,1000000000,"['market', 'limit', 'stopLoss', 'stopLossLimit', 'takeProfit', 'takeProfitLimit']"
LSK-EUR,trading,LSK,EUR,5,3.1,5,1000000000,1000000000,"['market', 'limit', 'stopLoss', 'stopLossLimit', 'takeProfit', 'takeProfitLimit']"
INJ-EUR,trading,INJ,EUR,5,0.13,5,1000000000,1000000000,"['market', 'limit', 'stopLoss', 'stopLossLimit', 'takeProfit', 'takeProfitLimit']"
YFI-EUR,trading,YFI,EUR,5,0.0006,5,1000000000,1000000000,"['market', 'limit', 'stopLoss', 'stopLossLimit', 'takeProfit', 'takeProfitLimit']"
ZIL-EUR,trading,ZIL,EUR,5,168.00000000,5.00,1000000000.00000000,1000000000.00,"['market', 'limit', 'stopLoss', 'stopLossLimit', 'takeProfit', 'takeProfitLimit']"
GNO-EUR,trading,GNO,EUR,5,0.01000000,5.00,1000000000.00000000,1000000000.00,"['market', 'limit', 'stopLoss', 'stopLossLimit', 'takeProfit', 'takeProfitLimit']"
BEL-EUR,trading,BEL,EUR,5,6,5,1000000000,1000000000,"['market', 'limit', 'stopLoss', 'stopLossLimit', 'takeProfit', 'takeProfitLimit']"
BCH-EUR,trading,BCH,EUR,5,0.01,5,1000000000,1000000000,"['market', 'limit', 'stopLoss', 'stopLossLimit', 'takeProfit', 'takeProfitLimit']"
WELL-EUR,trading,WELL,EUR,5,62.98296389,5,1000000000,1000000000,"['market', 'limit', 'stopLoss', 'stopLossLimit', 'takeProfit', 'takeProfitLimit']"
FET-USDC,trading,FET,USDC,5,4,5,1000000000,1000000000,"['market', 'limit', 'stopLoss', 'stopLossLimit', 'takeProfit', 'takeProfitLimit']"
SUSHI-EUR,trading,SUSHI,EUR,5,3.2,5,1000000000,1000000000,"['market', 'limit', 'stopLoss', 'stopLossLimit', 'takeProfit', 'takeProfitLimit']"
LDO-EUR,trading,LDO,EUR,5,2,5,1000000000,1000000000,"['market', 'limit', 'stopLoss', 'stopLossLimit', 'takeProfit', 'takeProfitLimit']"
VET-EUR,trading,VET,EUR,5,109,5,1000000000,1000000000,"['market', 'limit', 'stopLoss', 'stopLossLimit', 'takeProfit', 'takeProfitLimit']"
CHR-EUR,trading,CHR,EUR,5,10,5,1000000000,1000000000,"['market', 'limit', 'stopLoss', 'stopLossLimit', 'takeProfit', 'takeProfitLimit']"
MTL-EUR,trading,MTL,EUR,5,2,5,1000000000,1000000000,"['market', 'limit', 'stopLoss', 'stopLossLimit', 'takeProfit', 'takeProfitLimit']"
ROSE-EUR,trading,ROSE,EUR,5,2.2,5,1000000000,1000000000,"['market', 'limit', 'stopLoss', 'stopLossLimit', 'takeProfit', 'takeProfitLimit']"
PEPE-USDC,trading,PEPE,USDC,5,209489.03,5,10000000000,1000000000,"['market', 'limit', 'stopLoss', 'stopLossLimit', 'takeProfit', 'takeProfitLimit']"
MORPHO-EUR,trading,MORPHO,EUR,5,3.79620515,5,1000000000,1000000000,"['market', 'limit', 'stopLoss', 'stopLossLimit', 'takeProfit', 'takeProfitLimit']"
ZEUS-EUR,trading,ZEUS,EUR,5,6.49319993,5,1000000000,1000000000,"['market', 'limit', 'stopLoss', 'stopLossLimit', 'takeProfit', 'takeProfitLimit']"
PENGU-EUR,trading,PENGU,EUR,5,7.29236942,5.00,1000000000.00000000,1000000000.00,"['market', 'limit', 'stopLoss', 'stopLossLimit', 'takeProfit', 'takeProfitLimit']"
MAGIC-EUR,trading,MAGIC,EUR,5,4.09,5,1000000000,1000000000,"['market', 'limit', 'stopLoss', 'stopLossLimit', 'takeProfit', 'takeProfitLimit']"
MICHI-EUR,trading,MICHI,EUR,5,21.74720139,5.00,1000000000.00000000,1000000000.00,"['market', 'limit', 'stopLoss', 'stopLossLimit', 'takeProfit', 'takeProfitLimit']"
LYX-EUR,trading,LYX,EUR,5,0.8,5,1000000000,1000000000,"['market', 'limit', 'stopLoss', 'stopLossLimit', 'takeProfit', 'takeProfitLimit']"
XLM-USDC,trading,XLM,USDC,5,12.85207,5,1000000000,1000000000,"['market', 'limit', 'stopLoss', 'stopLossLimit', 'takeProfit', 'takeProfitLimit']"
GLM-EUR,trading,GLM,EUR,5,8,5,1000000000,1000000000,"['market', 'limit', 'stopLoss', 'stopLossLimit', 'takeProfit', 'takeProfitLimit']"
HONEY-EUR,trading,HONEY,EUR,5,52.63399016,5,1000000000,1000000000,"['market', 'limit', 'stopLoss', 'stopLossLimit', 'takeProfit', 'takeProfitLimit']"
PEOPLE-EUR,trading,PEOPLE,EUR,5,66,5,1000000000,1000000000,"['market', 'limit', 'stopLoss', 'stopLossLimit', 'takeProfit', 'takeProfitLimit']"
TRU-EUR,trading,TRU,EUR,5,38,5,1000000000,1000000000,"['market', 'limit', 'stopLoss', 'stopLossLimit', 'takeProfit', 'takeProfitLimit']"
ICX-EUR,trading,ICX,EUR,5,16.73,5,1000000000,1000000000,"['market', 'limit', 'stopLoss', 'stopLossLimit', 'takeProfit', 'takeProfitLimit']"
BICO-EUR,trading,BICO,EUR,5,9.986019573,5,1000000000,1000000000,"['market', 'limit', 'stopLoss', 'stopLossLimit', 'takeProfit', 'takeProfitLimit']"
OGN-EUR,trading,OGN,EUR,5,25,5,1000000000,1000000000,"['market', 'limit', 'stopLoss', 'stopLossLimit', 'takeProfit', 'takeProfitLimit']"
UXLINK-EUR,trading,UXLINK,EUR,5,8.16593173,5.00,1000000000.00000000,1000000000.00,"['market', 'limit', 'stopLoss', 'stopLossLimit', 'takeProfit', 'takeProfitLimit']"
PROM-EUR,trading,PROM,EUR,5,0.44000000,5.00,1000000000.00000000,1000000000.00,"['market', 'limit', 'stopLoss', 'stopLossLimit', 'takeProfit', 'takeProfitLimit']"
BNB-EUR,trading,BNB,EUR,5,0.01,5,1000000000,1000000000,"['market', 'limit', 'stopLoss', 'stopLossLimit', 'takeProfit', 'takeProfitLimit']"
ZRC-EUR,trading,ZRC,EUR,5,81.46876862,5,1000000000,1000000000,"['market', 'limit', 'stopLoss', 'stopLossLimit', 'takeProfit', 'takeProfitLimit']"
FIDA-EUR,trading,FIDA,EUR,5,20.48528568,5,1000000000,1000000000,"['market', 'limit', 'stopLoss', 'stopLossLimit', 'takeProfit', 'takeProfitLimit']"
CELR-EUR,trading,CELR,EUR,5,170.28,5,1000000000,1000000000,"['market', 'limit', 'stopLoss', 'stopLossLimit', 'takeProfit', 'takeProfitLimit']"
GHST-EUR,trading,GHST,EUR,5,2.752294,5,1000000000,1000000000,"['market', 'limit', 'stopLoss', 'stopLossLimit', 'takeProfit', 'takeProfitLimit']"
AGLD-EUR,trading,AGLD,EUR,5,3.87,5,1000000000,1000000000,"['market', 'limit', 'stopLoss', 'stopLossLimit', 'takeProfit', 'takeProfitLimit']"
GNS-EUR,trading,GNS,EUR,5,2.00000000,5.00,1000000000.00000000,1000000000.00,"['market', 'limit', 'stopLoss', 'stopLossLimit', 'takeProfit', 'takeProfitLimit']"
JST-EUR,trading,JST,EUR,5,90,5,1000000000,1000000000,"['market', 'limit', 'stopLoss', 'stopLossLimit', 'takeProfit', 'takeProfitLimit']"
FIL-EUR,trading,FIL,EUR,5,0.54,5,1000000000,1000000000,"['market', 'limit', 'stopLoss', 'stopLossLimit', 'takeProfit', 'takeProfitLimit']"
RAY-EUR,trading,RAY,EUR,5,1.1457,5.00,1000000000.0000,1000000000.00,"['market', 'limit', 'stopLoss', 'stopLossLimit', 'takeProfit', 'takeProfitLimit']"
KAVA-EUR,trading,KAVA,EUR,5,5.57,5,1000000000,1000000000,"['market', 'limit', 'stopLoss', 'stopLossLimit', 'takeProfit', 'takeProfitLimit']"
SAFE-EUR,trading,SAFE,EUR,5,2,5,1000000000,1000000000,"['market', 'limit', 'stopLoss', 'stopLossLimit', 'takeProfit', 'takeProfitLimit']"
NOT-USDC,trading,NOT,USDC,5,340,5,1000000000,1000000000,"['market', 'limit', 'stopLoss', 'stopLossLimit', 'takeProfit', 'takeProfitLimit']"
GRASS-EUR,trading,GRASS,EUR,5,1.796295,5,1000000000,1000000000,"['market', 'limit', 'stopLoss', 'stopLossLimit', 'takeProfit', 'takeProfitLimit']"
XAI-EUR,trading,XAI,EUR,5,4.32,5,1000000000,1000000000,"['market', 'limit', 'stopLoss', 'stopLossLimit', 'takeProfit', 'takeProfitLimit']"
SKL-EUR,trading,SKL,EUR,5,47.78,5,1000000000,1000000000,"['market', 'limit', 'stopLoss', 'stopLossLimit', 'takeProfit', 'takeProfitLimit']"
CELO-EUR,trading,CELO,EUR,5,5.06,5,1000000000,1000000000,"['market', 'limit', 'stopLoss', 'stopLossLimit', 'takeProfit', 'takeProfitLimit']"
AUDIO-EUR,trading,AUDIO,EUR,5,16.09,5,1000000000,1000000000,"['market', 'limit', 'stopLoss', 'stopLossLimit', 'takeProfit', 'takeProfitLimit']"
KMNO-EUR,trading,KMNO,EUR,5,37.569325,5,1000000000,1000000000,"['market', 'limit', 'stopLoss', 'stopLossLimit', 'takeProfit', 'takeProfitLimit']"
CETUS-EUR,trading,CETUS,EUR,5,12.51379032,5,1000000000,1000000000,"['market', 'limit', 'stopLoss', 'stopLossLimit', 'takeProfit', 'takeProfitLimit']"
TOMO-EUR,trading,TOMO,EUR,5,6.6,5,1000000000,1000000000,"['market', 'limit', 'stopLoss', 'stopLossLimit', 'takeProfit', 'takeProfitLimit']"
FLUX-EUR,trading,FLUX,EUR,5,3.9,5,1000000000,1000000000,"['market', 'limit', 'stopLoss', 'stopLossLimit', 'takeProfit', 'takeProfitLimit']"
NFP-EUR,trading,NFP,EUR,5,5.90040122,5.00,1000000000.00000000,1000000000.00,"['market', 'limit', 'stopLoss', 'stopLossLimit', 'takeProfit', 'takeProfitLimit']"
HOT-EUR,trading,HOT,EUR,5,1306,5,1000000000,1000000000,"['market', 'limit', 'stopLoss', 'stopLossLimit', 'takeProfit', 'takeProfitLimit']"
LISTA-EUR,trading,LISTA,EUR,5,10,5,1000000000,1000000000,"['market', 'limit', 'stopLoss', 'stopLossLimit', 'takeProfit', 'takeProfitLimit']"
SWEAT-EUR,trading,SWEAT,EUR,5,600,5,1000000000,1000000000,"['market', 'limit', 'stopLoss', 'stopLossLimit', 'takeProfit', 'takeProfitLimit']"
POWR-EUR,trading,POWR,EUR,5,9,5,1000000000,1000000000,"['market', 'limit', 'stopLoss', 'stopLossLimit', 'takeProfit', 'takeProfitLimit']"
TLM-EUR,trading,TLM,EUR,5,238,5,1000000000,1000000000,"['market', 'limit', 'stopLoss', 'stopLossLimit', 'takeProfit', 'takeProfitLimit']"
TURBO-EUR,trading,TURBO,EUR,5,455.89021431,5,1000000000,1000000000,"['market', 'limit', 'stopLoss', 'stopLossLimit', 'takeProfit', 'takeProfitLimit']"
PIXEL-EUR,trading,PIXEL,EUR,5,7,5,1000000000,1000000000,"['market', 'limit', 'stopLoss', 'stopLossLimit', 'takeProfit', 'takeProfitLimit']"
OXT-EUR,trading,OXT,EUR,5,36,5,1000000000,1000000000,"['market', 'limit', 'stopLoss', 'stopLossLimit', 'takeProfit', 'takeProfitLimit']"
ZEN-EUR,trading,ZEN,EUR,5,0.39,5,1000000000,1000000000,"['market', 'limit', 'stopLoss', 'stopLossLimit', 'takeProfit', 'takeProfitLimit']"
THE-EUR,trading,THE,EUR,5,2.23163628,5,1000000000,1000000000,"['market', 'limit', 'stopLoss', 'stopLossLimit', 'takeProfit', 'takeProfitLimit']"
TRX-EUR,trading,TRX,EUR,5,30,5,1000000000,1000000000,"['market', 'limit', 'stopLoss', 'stopLossLimit', 'takeProfit', 'takeProfitLimit']"
TRUMP-EUR,trading,TRUMP,EUR,5,0.07444955,5,1000000000,1000000000,"['market', 'limit', 'stopLoss', 'stopLossLimit', 'takeProfit', 'takeProfitLimit']"
HMSTR-EUR,trading,HMSTR,EUR,5,619.19504644,5,1000000000,1000000000,"['market', 'limit', 'stopLoss', 'stopLossLimit', 'takeProfit', 'takeProfitLimit']"
BAL-EUR,trading,BAL,EUR,5,1.02,5,1000000000,1000000000,"['market', 'limit', 'stopLoss', 'stopLossLimit', 'takeProfit', 'takeProfitLimit']"
PYR-EUR,trading,PYR,EUR,5,0.645994832,5,1000000000,1000000000,"['market', 'limit', 'stopLoss', 'stopLossLimit', 'takeProfit', 'takeProfitLimit']"
BTT-EUR,trading,BTT,EUR,5,2000000,5,10000000000,1000000000,"['market', 'limit', 'stopLoss', 'stopLossLimit', 'takeProfit', 'takeProfitLimit']"
CHZ-EUR,trading,CHZ,EUR,5,36.00000000,5.00,1000000000.00000000,1000000000.00,"['market', 'limit', 'stopLoss', 'stopLossLimit', 'takeProfit', 'takeProfitLimit']"
AR-EUR,trading,AR,EUR,5,0.19,5,1000000000,1000000000,"['market', 'limit', 'stopLoss', 'stopLossLimit', 'takeProfit', 'takeProfitLimit']"
FIS-EUR,trading,FIS,EUR,5,14,5,1000000000,1000000000,"['market', 'limit', 'stopLoss', 'stopLossLimit', 'takeProfit', 'takeProfitLimit']"
PYTH-EUR,trading,PYTH,EUR,5,9.94,5,1000000000,1000000000,"['market', 'limit', 'stopLoss', 'stopLossLimit', 'takeProfit', 'takeProfitLimit']"
KAS-EUR,trading,KAS,EUR,5,33.99574393,5,1000000000,1000000000,"['market', 'limit', 'stopLoss', 'stopLossLimit', 'takeProfit', 'takeProfitLimit']"
DENT-EUR,trading,DENT,EUR,5,2000,5,1000000000,1000000000,"['market', 'limit', 'stopLoss', 'stopLossLimit', 'takeProfit', 'takeProfitLimit']"
COMP-EUR,trading,COMP,EUR,5,0.06,5,1000000000,1000000000,"['market', 'limit', 'stopLoss', 'stopLossLimit', 'takeProfit', 'takeProfitLimit']"
LUMIA-EUR,trading,LUMIA,EUR,5,5.4312405,5,1000000000,1000000000,"['market', 'limit', 'stopLoss', 'stopLossLimit', 'takeProfit', 'takeProfitLimit']"
ETHFI-EUR,trading,ETHFI,EUR,5,1,5,1000000000,1000000000,"['market', 'limit', 'stopLoss', 'stopLossLimit', 'takeProfit', 'takeProfitLimit']"
VELO-EUR,trading,VELO,EUR,5,72.94934201,5,1000000000,1000000000,"['market', 'limit', 'stopLoss', 'stopLossLimit', 'takeProfit', 'takeProfitLimit']"
ABT-EUR,trading,ABT,EUR,5,3.289473684,5,1000000000,1000000000,"['market', 'limit', 'stopLoss', 'stopLossLimit', 'takeProfit', 'takeProfitLimit']"
ADX-EUR,trading,ADX,EUR,5,22.46,5,1000000000,1000000000,"['market', 'limit', 'stopLoss', 'stopLossLimit', 'takeProfit', 'takeProfitLimit']"
ARPA-EUR,trading,ARPA,EUR,5,71.56,5,1000000000,1000000000,"['market', 'limit', 'stopLoss', 'stopLossLimit', 'takeProfit', 'takeProfitLimit']"
CFX-EUR,trading,CFX,EUR,5,17.46,5,1000000000,1000000000,"['market', 'limit', 'stopLoss', 'stopLossLimit', 'takeProfit', 'takeProfitLimit']"
SUPER-EUR,trading,SUPER,EUR,5,3.99000000,5.00,1000000000.00000000,1000000000.00,"['market', 'limit', 'stopLoss', 'stopLossLimit', 'takeProfit', 'takeProfitLimit']"
AERO-EUR,trading,AERO,EUR,5,5.24764453,5,1000000000,1000000000,"['market', 'limit', 'stopLoss', 'stopLossLimit', 'takeProfit', 'takeProfitLimit']"
MEW-EUR,trading,MEW,EUR,5,523.49443,5,1000000000,1000000000,"['market', 'limit', 'stopLoss', 'stopLossLimit', 'takeProfit', 'takeProfitLimit']"
XRP-EUR,trading,XRP,EUR,5,2.383175,5,1000000000,1000000000,"['market', 'limit', 'stopLoss', 'stopLossLimit', 'takeProfit', 'takeProfitLimit']"
SHIB-USDC,trading,SHIB,USDC,5,300824,5,1000000000,1000000000,"['market', 'limit', 'stopLoss', 'stopLossLimit', 'takeProfit', 'takeProfitLimit']"
JASMY-EUR,trading,JASMY,EUR,5,231.86,5,1000000000,1000000000,"['market', 'limit', 'stopLoss', 'stopLossLimit', 'takeProfit', 'takeProfitLimit']"
PONKE-EUR,trading,PONKE,EUR,5,11.00000000,5.00,1000000000.00000000,1000000000.00,"['market', 'limit', 'stopLoss', 'stopLossLimit', 'takeProfit', 'takeProfitLimit']"
DOGE-EUR,trading,DOGE,EUR,5,14.024939,5,1000000000,1000000000,"['market', 'limit', 'stopLoss', 'stopLossLimit', 'takeProfit', 'takeProfitLimit']"
DUSK-EUR,trading,DUSK,EUR,5,13.949784,5,1000000000,1000000000,"['market', 'limit', 'stopLoss', 'stopLossLimit', 'takeProfit', 'takeProfitLimit']"
BIGTIME-EUR,trading,BIGTIME,EUR,5,11.63061177,5,1000000000,1000000000,"['market', 'limit', 'stopLoss', 'stopLossLimit', 'takeProfit', 'takeProfitLimit']"
BEAM-EUR,trading,BEAM,EUR,5,141.2429379,5,1000000000,1000000000,"['market', 'limit', 'stopLoss', 'stopLossLimit', 'takeProfit', 'takeProfitLimit']"
HEI-EUR,trading,HEI,EUR,5,4.69094485,5,1000000000,1000000000,"['market', 'limit', 'stopLoss', 'stopLossLimit', 'takeProfit', 'takeProfitLimit']"
VIRTUAL-EUR,trading,VIRTUAL,EUR,5,1.70814245,5,1000000000,1000000000,"['market', 'limit', 'stopLoss', 'stopLossLimit', 'takeProfit', 'takeProfitLimit']"
WOO-EUR,trading,WOO,EUR,5,6,5,1000000000,1000000000,"['market', 'limit', 'stopLoss', 'stopLossLimit', 'takeProfit', 'takeProfitLimit']"
FXS-EUR,trading,FXS,EUR,5,0.61,5,1000000000,1000000000,"['market', 'limit', 'stopLoss', 'stopLossLimit', 'takeProfit', 'takeProfitLimit']"
CKB-EUR,trading,CKB,EUR,5,319,5,1000000000,1000000000,"['market', 'limit', 'stopLoss', 'stopLossLimit', 'takeProfit', 'takeProfitLimit']"
STX-USDC,trading,STX,USDC,5,1.79,5,1000000000,1000000000,"['market', 'limit', 'stopLoss', 'stopLossLimit', 'takeProfit', 'takeProfitLimit']"
STRK-EUR,trading,STRK,EUR,5,1.9,5,1000000000,1000000000,"['market', 'limit', 'stopLoss', 'stopLossLimit', 'takeProfit', 'takeProfitLimit']"
ONE-EUR,trading,ONE,EUR,5,200.00000000,5.00,1000000000.00000000,1000000000.00,"['market', 'limit', 'stopLoss', 'stopLossLimit', 'takeProfit', 'takeProfitLimit']"
ZRO-EUR,trading,ZRO,EUR,5,1.15,5,1000000000,1000000000,"['market', 'limit', 'stopLoss', 'stopLossLimit', 'takeProfit', 'takeProfitLimit']"
CPOOL-EUR,trading,CPOOL,EUR,5,5.89284663,5,1000000000,1000000000,"['market', 'limit', 'stopLoss', 'stopLossLimit', 'takeProfit', 'takeProfitLimit']"
HBAR-EUR,trading,HBAR,EUR,5,46.28,5,1000000000,1000000000,"['market', 'limit', 'stopLoss', 'stopLossLimit', 'takeProfit', 'takeProfitLimit']"
KAITO-EUR,trading,KAITO,EUR,5,5.95552292,5,1000000000,1000000000,"['market', 'limit', 'stopLoss', 'stopLossLimit', 'takeProfit', 'takeProfitLimit']"
WIF-EUR,trading,WIF,EUR,5,1.774813,5,1000000000,1000000000,"['market', 'limit', 'stopLoss', 'stopLossLimit', 'takeProfit', 'takeProfitLimit']"
BRETT-EUR,trading,BRETT,EUR,5,44.748295,5,1000000000,1000000000,"['market', 'limit', 'stopLoss', 'stopLossLimit', 'takeProfit', 'takeProfitLimit']"
ILV-EUR,trading,ILV,EUR,5,0.03,5,1000000000,1000000000,"['market', 'limit', 'stopLoss', 'stopLossLimit', 'takeProfit', 'takeProfitLimit']"
LQTY-EUR,trading,LQTY,EUR,5,3,5,1000000000,1000000000,"['market', 'limit', 'stopLoss', 'stopLossLimit', 'takeProfit', 'takeProfitLimit']"
BOME-EUR,trading,BOME,EUR,5,500.000000,5.00,1000000000.000000,1000000000.00,"['market', 'limit', 'stopLoss', 'stopLossLimit', 'takeProfit', 'takeProfitLimit']"
AIOZ-EUR,trading,AIOZ,EUR,5,8.85000000,5.00,1000000000.00000000,1000000000.00,"['market', 'limit', 'stopLoss', 'stopLossLimit', 'takeProfit', 'takeProfitLimit']"
SXP-EUR,trading,SXP,EUR,5,11.05,5,1000000000,1000000000,"['market', 'limit', 'stopLoss', 'stopLossLimit', 'takeProfit', 'takeProfitLimit']"
AMP-EUR,trading,AMP,EUR,5,681,5,1000000000,1000000000,"['market', 'limit', 'stopLoss', 'stopLossLimit', 'takeProfit', 'takeProfitLimit']"
MANA-EUR,trading,MANA,EUR,5,8.18,5,1000000000,1000000000,"['market', 'limit', 'stopLoss', 'stopLossLimit', 'takeProfit', 'takeProfitLimit']"
AVA-EUR,trading,AVA,EUR,5,3.1970917,5,1000000000,1000000000,"['market', 'limit', 'stopLoss', 'stopLossLimit', 'takeProfit', 'takeProfitLimit']"
EUROP-EUR,trading,EUROP,EUR,5,5.000425,5,1000000000,1000000000,"['market', 'limit', 'stopLoss', 'stopLossLimit', 'takeProfit', 'takeProfitLimit']"
SEI-EUR,trading,SEI,EUR,5,6.86,5,1000000000,1000000000,"['market', 'limit', 'stopLoss', 'stopLossLimit', 'takeProfit', 'takeProfitLimit']"
BAT-EUR,trading,BAT,EUR,5,16.53,5,1000000000,1000000000,"['market', 'limit', 'stopLoss', 'stopLossLimit', 'takeProfit', 'takeProfitLimit']"
MOODENG-EUR,trading,MOODENG,EUR,5,15.404532,5,1000000000,1000000000,"['market', 'limit', 'stopLoss', 'stopLossLimit', 'takeProfit', 'takeProfitLimit']"
DCR-EUR,trading,DCR,EUR,5,0.22,5,1000000000,1000000000,"['market', 'limit', 'stopLoss', 'stopLossLimit', 'takeProfit', 'takeProfitLimit']"
IDEX-EUR,trading,IDEX,EUR,5,63.00000000,5.00,1000000000.00000000,1000000000.00,"['market', 'limit', 'stopLoss', 'stopLossLimit', 'takeProfit', 'takeProfitLimit']"
LUNA-EUR,trading,LUNA,EUR,5,29568,5,1000000000,1000000000,"['market', 'limit', 'stopLoss', 'stopLossLimit', 'takeProfit', 'takeProfitLimit']"
STG-EUR,trading,STG,EUR,5,13,5,1000000000,1000000000,"['market', 'limit', 'stopLoss', 'stopLossLimit', 'takeProfit', 'takeProfitLimit']"
ONG-EUR,trading,ONG,EUR,5,7.875824,5,1000000000,1000000000,"['market', 'limit', 'stopLoss', 'stopLossLimit', 'takeProfit', 'takeProfitLimit']"
MAV-EUR,trading,MAV,EUR,5,9.00000000,5.00,1000000000.00000000,1000000000.00,"['market', 'limit', 'stopLoss', 'stopLossLimit', 'takeProfit', 'takeProfitLimit']"
HIFI-EUR,trading,HIFI,EUR,5,5.55000000,5.00,1000000000.00000000,1000000000.00,"['market', 'limit', 'stopLoss', 'stopLossLimit', 'takeProfit', 'takeProfitLimit']"
AERGO-EUR,trading,AERGO,EUR,5,44,5,1000000000,1000000000,"['market', 'limit', 'stopLoss', 'stopLossLimit', 'takeProfit', 'takeProfitLimit']"
IOTX-EUR,trading,IOTX,EUR,5,86.34087377,5,1000000000,1000000000,"['market', 'limit', 'stopLoss', 'stopLossLimit', 'takeProfit', 'takeProfitLimit']"
ANIME-EUR,trading,ANIME,EUR,5,6.74053147,5,1000000000,1000000000,"['market', 'limit', 'stopLoss', 'stopLossLimit', 'takeProfit', 'takeProfitLimit']"
EGLD-EUR,trading,EGLD,EUR,5,0.08,5,1000000000,1000000000,"['market', 'limit', 'stopLoss', 'stopLossLimit', 'takeProfit', 'takeProfitLimit']"
XTZ-EUR,trading,XTZ,EUR,5,3.820000,5.00,1000000000.000000,1000000000.00,"['market', 'limit', 'stopLoss', 'stopLossLimit', 'takeProfit', 'takeProfitLimit']"
PEPE-EUR,trading,PEPE,EUR,5,199203.1873,5,10000000000,1000000000,"['market', 'limit', 'stopLoss', 'stopLossLimit', 'takeProfit', 'takeProfitLimit']"
KDA-EUR,trading,KDA,EUR,5,4.54,5,1000000000,1000000000,"['market', 'limit', 'stopLoss', 'stopLossLimit', 'takeProfit', 'takeProfitLimit']"
ORCA-EUR,trading,ORCA,EUR,5,2.00000000,5.00,1000000000.00000000,1000000000.00,"['market', 'limit', 'stopLoss', 'stopLossLimit', 'takeProfit', 'takeProfitLimit']"
XLM-EUR,trading,XLM,EUR,5,12.85207,5,1000000000,1000000000,"['market', 'limit', 'stopLoss', 'stopLossLimit', 'takeProfit', 'takeProfitLimit']"
AEVO-EUR,trading,AEVO,EUR,5,2,5,1000000000,1000000000,"['market', 'limit', 'stopLoss', 'stopLossLimit', 'takeProfit', 'takeProfitLimit']"
FLOKI-EUR,trading,FLOKI,EUR,5,25252.525253,5,10000000000,1000000000,"['market', 'limit', 'stopLoss', 'stopLossLimit', 'takeProfit', 'takeProfitLimit']"
MLN-EUR,trading,MLN,EUR,5,0.24,5,1000000000,1000000000,"['market', 'limit', 'stopLoss', 'stopLossLimit', 'takeProfit', 'takeProfitLimit']"
ZETA-EUR,trading,ZETA,EUR,5,2.55,5,1000000000,1000000000,"['market', 'limit', 'stopLoss', 'stopLossLimit', 'takeProfit', 'takeProfitLimit']"
NEAR-USDC,trading,NEAR,USDC,5,0.73964497,5.000000,1000000000.00000000,1000000000.000000,"['market', 'limit', 'stopLoss', 'stopLossLimit', 'takeProfit', 'takeProfitLimit']"
ATA-EUR,trading,ATA,EUR,5,23.4,5,1000000000,1000000000,"['market', 'limit', 'stopLoss', 'stopLossLimit', 'takeProfit', 'takeProfitLimit']"
FET-EUR,trading,FET,EUR,5,2,5,1000000000,1000000000,"['market', 'limit', 'stopLoss', 'stopLossLimit', 'takeProfit', 'takeProfitLimit']"
EDU-EUR,trading,EDU,EUR,5,5.86000000,5.00,1000000000.00000000,1000000000.00,"['market', 'limit', 'stopLoss', 'stopLossLimit', 'takeProfit', 'takeProfitLimit']"
TIA-USDC,trading,TIA,USDC,5,0.73267511,5,1000000000,1000000000,"['market', 'limit', 'stopLoss', 'stopLossLimit', 'takeProfit', 'takeProfitLimit']"
NANO-EUR,trading,NANO,EUR,5,3.78,5,1000000000,1000000000,"['market', 'limit', 'stopLoss', 'stopLossLimit', 'takeProfit', 'takeProfitLimit']"
ETH-USDC,trading,ETH,USDC,5,0.00155231294,5,1000000000,1000000000,"['market', 'limit', 'stopLoss', 'stopLossLimit', 'takeProfit', 'takeProfitLimit']"
POPCAT-EUR,trading,POPCAT,EUR,5,3.96744698,5.00,1000000000.00000000,1000000000.00,"['market', 'limit', 'stopLoss', 'stopLossLimit', 'takeProfit', 'takeProfitLimit']"
ARKM-EUR,trading,ARKM,EUR,5,2,5,1000000000,1000000000,"['market', 'limit', 'stopLoss', 'stopLossLimit', 'takeProfit', 'takeProfitLimit']"
NOS-EUR,trading,NOS,EUR,5,1.371752,5,1000000000,1000000000,"['market', 'limit', 'stopLoss', 'stopLossLimit', 'takeProfit', 'takeProfitLimit']"
VTHO-EUR,trading,VTHO,EUR,5,1125,5,1000000000,1000000000,"['market', 'limit', 'stopLoss', 'stopLossLimit', 'takeProfit', 'takeProfitLimit']"
POL-EUR,trading,POL,EUR,5,9.60220422,5,1000000000,1000000000,"['market', 'limit', 'stopLoss', 'stopLossLimit', 'takeProfit', 'takeProfitLimit']"
BNT-EUR,trading,BNT,EUR,5,5.83,5,1000000000,1000000000,"['market', 'limit', 'stopLoss', 'stopLossLimit', 'takeProfit', 'takeProfitLimit']"
COS-EUR,trading,COS,EUR,5,479,5,1000000000,1000000000,"['market', 'limit', 'stopLoss', 'stopLossLimit', 'takeProfit', 'takeProfitLimit']"
ACA-EUR,trading,ACA,EUR,5,33,5,1000000000,1000000000,"['market', 'limit', 'stopLoss', 'stopLossLimit', 'takeProfit', 'takeProfitLimit']"
TOKEN-EUR,trading,TOKEN,EUR,5,114.39664055,5,1000000000,1000000000,"['market', 'limit', 'stopLoss', 'stopLossLimit', 'takeProfit', 'takeProfitLimit']"
WLD-USDC,trading,WLD,USDC,5,1.61290323,5.000000,1000000000.00000000,1000000000.000000,"['market', 'limit', 'stopLoss', 'stopLossLimit', 'takeProfit', 'takeProfitLimit']"
FTT-EUR,trading,FTT,EUR,5,2.57,5,1000000000,1000000000,"['market', 'limit', 'stopLoss', 'stopLossLimit', 'takeProfit', 'takeProfitLimit']"
WIN-EUR,trading,WIN,EUR,5,25329.000000,5.00,1000000000.000000,1000000000.00,"['market', 'limit', 'stopLoss', 'stopLossLimit', 'takeProfit', 'takeProfitLimit']"
AXL-EUR,trading,AXL,EUR,5,2.47,5,1000000000,1000000000,"['market', 'limit', 'stopLoss', 'stopLossLimit', 'takeProfit', 'takeProfitLimit']"
CVC-EUR,trading,CVC,EUR,5,38.55,5,1000000000,1000000000,"['market', 'limit', 'stopLoss', 'stopLossLimit', 'takeProfit', 'takeProfitLimit']"
LMWR-EUR,trading,LMWR,EUR,5,16,5,1000000000,1000000000,"['market', 'limit', 'stopLoss', 'stopLossLimit', 'takeProfit', 'takeProfitLimit']"
LTC-EUR,trading,LTC,EUR,5,0.06,5,1000000000,1000000000,"['market', 'limit', 'stopLoss', 'stopLossLimit', 'takeProfit', 'takeProfitLimit']"
AKT-EUR,trading,AKT,EUR,5,1.577474,5,1000000000,1000000000,"['market', 'limit', 'stopLoss', 'stopLossLimit', 'takeProfit', 'takeProfitLimit']"
NOT-EUR,trading,NOT,EUR,5,340,5,1000000000,1000000000,"['market', 'limit', 'stopLoss', 'stopLossLimit', 'takeProfit', 'takeProfitLimit']"
ACE-EUR,trading,ACE,EUR,5,0.56000000,5.00,1000000000.00000000,1000000000.00,"['market', 'limit', 'stopLoss', 'stopLossLimit', 'takeProfit', 'takeProfitLimit']"
SHIB-EUR,trading,SHIB,EUR,5,151057.4,5,10000000000,1000000000,"['market', 'limit', 'stopLoss', 'stopLossLimit', 'takeProfit', 'takeProfitLimit']"
XDC-EUR,trading,XDC,EUR,5,198,5,1000000000,1000000000,"['market', 'limit', 'stopLoss', 'stopLossLimit', 'takeProfit', 'takeProfitLimit']"
PERP-EUR,trading,PERP,EUR,5,3.33,5,1000000000,1000000000,"['market', 'limit', 'stopLoss', 'stopLossLimit', 'takeProfit', 'takeProfitLimit']"
THETA-EUR,trading,THETA,EUR,5,2.31,5,1000000000,1000000000,"['market', 'limit', 'stopLoss', 'stopLossLimit', 'takeProfit', 'takeProfitLimit']"
S-USDC,trading,S,USDC,5,6.65770096,5,1000000000,1000000000,"['market', 'limit', 'stopLoss', 'stopLossLimit', 'takeProfit', 'takeProfitLimit']"
ARB-EUR,trading,ARB,EUR,5,2,5,1000000000,1000000000,"['market', 'limit', 'stopLoss', 'stopLossLimit', 'takeProfit', 'takeProfitLimit']"
GLMR-EUR,trading,GLMR,EUR,5,9,5,1000000000,1000000000,"['market', 'limit', 'stopLoss', 'stopLossLimit', 'takeProfit', 'takeProfitLimit']"
NULS-EUR,trading,NULS,EUR,5,8.118426,5,1000000000,1000000000,"['market', 'limit', 'stopLoss', 'stopLossLimit', 'takeProfit', 'takeProfitLimit']"
ZRX-EUR,trading,ZRX,EUR,5,12.28000000,5.00,1000000000.00000000,1000000000.00,"['market', 'limit', 'stopLoss', 'stopLossLimit', 'takeProfit', 'takeProfitLimit']"
NMR-EUR,trading,NMR,EUR,5,0.16,5,1000000000,1000000000,"['market', 'limit', 'stopLoss', 'stopLossLimit', 'takeProfit', 'takeProfitLimit']"
NKN-EUR,trading,NKN,EUR,5,35.31,5,1000000000,1000000000,"['market', 'limit', 'stopLoss', 'stopLossLimit', 'takeProfit', 'takeProfitLimit']"
BNX-EUR,trading,BNX,EUR,5,5,5,1000000000,1000000000,"['market', 'limit', 'stopLoss', 'stopLossLimit', 'takeProfit', 'takeProfitLimit']"
RSR-EUR,trading,RSR,EUR,5,379.003222,5,1000000000,1000000000,"['market', 'limit', 'stopLoss', 'stopLossLimit', 'takeProfit', 'takeProfitLimit']"
COW-EUR,trading,COW,EUR,5,12.62531236,5.00,1000000000.00000000,1000000000.00,"['market', 'limit', 'stopLoss', 'stopLossLimit', 'takeProfit', 'takeProfitLimit']"
TWT-EUR,trading,TWT,EUR,5,4.09,5,1000000000,1000000000,"['market', 'limit', 'stopLoss', 'stopLossLimit', 'takeProfit', 'takeProfitLimit']"
UTK-EUR,trading,UTK,EUR,5,52.12,5,1000000000,1000000000,"['market', 'limit', 'stopLoss', 'stopLossLimit', 'takeProfit', 'takeProfitLimit']"
SCR-EUR,trading,SCR,EUR,5,4.2369489,5,1000000000,1000000000,"['market', 'limit', 'stopLoss', 'stopLossLimit', 'takeProfit', 'takeProfitLimit']"
ONT-EUR,trading,ONT,EUR,5,16.32,5,1000000000,1000000000,"['market', 'limit', 'stopLoss', 'stopLossLimit', 'takeProfit', 'takeProfitLimit']"
BAND-EUR,trading,BAND,EUR,5,2.22,5,1000000000,1000000000,"['market', 'limit', 'stopLoss', 'stopLossLimit', 'takeProfit', 'takeProfitLimit']"
ATOM-EUR,trading,ATOM,EUR,5,0.43,5,1000000000,1000000000,"['market', 'limit', 'stopLoss', 'stopLossLimit', 'takeProfit', 'takeProfitLimit']"
CTC-EUR,trading,CTC,EUR,5,4.3879403,5,1000000000,1000000000,"['market', 'limit', 'stopLoss', 'stopLossLimit', 'takeProfit', 'takeProfitLimit']"
ATH-EUR,trading,ATH,EUR,5,89.28747788,5,1000000000,1000000000,"['market', 'limit', 'stopLoss', 'stopLossLimit', 'takeProfit', 'takeProfitLimit']"
PEAQ-EUR,trading,PEAQ,EUR,5,15.65,5,1000000000,1000000000,"['market', 'limit', 'stopLoss', 'stopLossLimit', 'takeProfit', 'takeProfitLimit']"
PORTAL-EUR,trading,PORTAL,EUR,5,2,5,1000000000,1000000000,"['market', 'limit', 'stopLoss', 'stopLossLimit', 'takeProfit', 'takeProfitLimit']"
JTO-EUR,trading,JTO,EUR,5,1.93,5,1000000000,1000000000,"['market', 'limit', 'stopLoss', 'stopLossLimit', 'takeProfit', 'takeProfitLimit']"
XYO-EUR,trading,XYO,EUR,5,151.401371,5,1000000000,1000000000,"['market', 'limit', 'stopLoss', 'stopLossLimit', 'takeProfit', 'takeProfitLimit']"
D-EUR,trading,D,EUR,5,27.44882082,5,1000000000,1000000000,"['market', 'limit', 'stopLoss', 'stopLossLimit', 'takeProfit', 'takeProfitLimit']"
LRC-EUR,trading,LRC,EUR,5,16.43,5,1000000000,1000000000,"['market', 'limit', 'stopLoss', 'stopLossLimit', 'takeProfit', 'takeProfitLimit']"
ACH-EUR,trading,ACH,EUR,5,187,5,1000000000,1000000000,"['market', 'limit', 'stopLoss', 'stopLossLimit', 'takeProfit', 'takeProfitLimit']"
YGG-EUR,trading,YGG,EUR,5,5.690143,5,1000000000,1000000000,"['market', 'limit', 'stopLoss', 'stopLossLimit', 'takeProfit', 'takeProfitLimit']"
DODO-EUR,trading,DODO,EUR,5,24,5,1000000000,1000000000,"['market', 'limit', 'stopLoss', 'stopLossLimit', 'takeProfit', 'takeProfitLimit']"
DEEP-EUR,trading,DEEP,EUR,5,49.31466131,5,1000000000,1000000000,"['market', 'limit', 'stopLoss', 'stopLossLimit', 'takeProfit', 'takeProfitLimit']"
GOAT-EUR,trading,GOAT,EUR,5,4.879497,5,1000000000,1000000000,"['market', 'limit', 'stopLoss', 'stopLossLimit', 'takeProfit', 'takeProfitLimit']"
EOS-EUR,trading,EOS,EUR,5,4.91,5,1000000000,1000000000,"['market', 'limit', 'stopLoss', 'stopLossLimit', 'takeProfit', 'takeProfitLimit']"
DNT-EUR,trading,DNT,EUR,5,78.33000000,5.00,1000000000.00000000,1000000000.00,"['market', 'limit', 'stopLoss', 'stopLossLimit', 'takeProfit', 'takeProfitLimit']"
PUFFER-EUR,trading,PUFFER,EUR,5,6.36851244,5,1000000000,1000000000,"['market', 'limit', 'stopLoss', 'stopLossLimit', 'takeProfit', 'takeProfitLimit']"
SLF-EUR,trading,SLF,EUR,5,6.548,5,1000000000,1000000000,"['market', 'limit', 'stopLoss', 'stopLossLimit', 'takeProfit', 'takeProfitLimit']"
NEAR-EUR,trading,NEAR,EUR,5,0.77627,5,1000000000,1000000000,"['market', 'limit', 'stopLoss', 'stopLossLimit', 'takeProfit', 'takeProfitLimit']"
ALGO-EUR,trading,ALGO,EUR,5,21.66,5,1000000000,1000000000,"['market', 'limit', 'stopLoss', 'stopLossLimit', 'takeProfit', 'takeProfitLimit']"
SUI-USDC,trading,SUI,USDC,5,1.28865979,5,1000000000,1000000000,"['market', 'limit', 'stopLoss', 'stopLossLimit', 'takeProfit', 'takeProfitLimit']"
F-EUR,trading,F,EUR,5,163.69740020,5.00,1000000000.00000000,1000000000.00,"['market', 'limit', 'stopLoss', 'stopLossLimit', 'takeProfit', 'takeProfitLimit']"
RON-EUR,trading,RON,EUR,5,1.8,5,1000000000,1000000000,"['market', 'limit', 'stopLoss', 'stopLossLimit', 'takeProfit', 'takeProfitLimit']"
AXS-EUR,trading,AXS,EUR,5,0.51,5,1000000000,1000000000,"['market', 'limit', 'stopLoss', 'stopLossLimit', 'takeProfit', 'takeProfitLimit']"
G-EUR,trading,G,EUR,5,89,5,1000000000,1000000000,"['market', 'limit', 'stopLoss', 'stopLossLimit', 'takeProfit', 'takeProfitLimit']"
STX-EUR,trading,STX,EUR,5,1.79000000,5.00,1000000000.00000000,1000000000.00,"['market', 'limit', 'stopLoss', 'stopLossLimit', 'takeProfit', 'takeProfitLimit']"
WAXP-EUR,trading,WAXP,EUR,5,80,5,1000000000,1000000000,"['market', 'limit', 'stopLoss', 'stopLossLimit', 'takeProfit', 'takeProfitLimit']"
SAGA-EUR,trading,SAGA,EUR,5,2.32082054,5,1000000000,1000000000,"['market', 'limit', 'stopLoss', 'stopLossLimit', 'takeProfit', 'takeProfitLimit']"
MERL-EUR,trading,MERL,EUR,5,17.44295747,5,1000000000,1000000000,"['market', 'limit', 'stopLoss', 'stopLossLimit', 'takeProfit', 'takeProfitLimit']"
DYM-EUR,trading,DYM,EUR,5,0.8,5,1000000000,1000000000,"['market', 'limit', 'stopLoss', 'stopLossLimit', 'takeProfit', 'takeProfitLimit']"
BETA-EUR,trading,BETA,EUR,5,70,5,1000000000,1000000000,"['market', 'limit', 'stopLoss', 'stopLossLimit', 'takeProfit', 'takeProfitLimit']"
BLZ-EUR,trading,BLZ,EUR,5,17,5,1000000000,1000000000,"['market', 'limit', 'stopLoss', 'stopLossLimit', 'takeProfit', 'takeProfitLimit']"
APE-EUR,trading,APE,EUR,5,2.30000000,5.00,1000000000.00000000,1000000000.00,"['market', 'limit', 'stopLoss', 'stopLossLimit', 'takeProfit', 'takeProfitLimit']"
ANKR-EUR,trading,ANKR,EUR,5,132.61,5,1000000000,1000000000,"['market', 'limit', 'stopLoss', 'stopLossLimit', 'takeProfit', 'takeProfitLimit']"
KSM-EUR,trading,KSM,EUR,5,0.1,5,1000000000,1000000000,"['market', 'limit', 'stopLoss', 'stopLossLimit', 'takeProfit', 'takeProfitLimit']"
SYRUP-EUR,trading,SYRUP,EUR,5,24.4628562,5,1000000000,1000000000,"['market', 'limit', 'stopLoss', 'stopLossLimit', 'takeProfit', 'takeProfitLimit']"
QNT-EUR,trading,QNT,EUR,5,0.05,5,1000000000,1000000000,"['market', 'limit', 'stopLoss', 'stopLossLimit', 'takeProfit', 'takeProfitLimit']"
ETC-EUR,trading,ETC,EUR,5,0.10000000,5.00,1000000000.00000000,1000000000.00,"['market', 'limit', 'stopLoss', 'stopLossLimit', 'takeProfit', 'takeProfitLimit']"
ADA-USDC,trading,ADA,USDC,5,13,5,1000000000,1000000000,"['market', 'limit', 'stopLoss', 'stopLossLimit', 'takeProfit', 'takeProfitLimit']"
LINK-USDC,trading,LINK,USDC,5,0.21258503,5.000000,1000000000.00000000,1000000000.000000,"['market', 'limit', 'stopLoss', 'stopLossLimit', 'takeProfit', 'takeProfitLimit']"
TIA-EUR,trading,TIA,EUR,5,0.35,5,1000000000,1000000000,"['market', 'limit', 'stopLoss', 'stopLossLimit', 'takeProfit', 'takeProfitLimit']"
LTO-EUR,trading,LTO,EUR,5,25.454049,5,1000000000,1000000000,"['market', 'limit', 'stopLoss', 'stopLossLimit', 'takeProfit', 'takeProfitLimit']"
CSPR-EUR,trading,CSPR,EUR,5,112.26,5,1000000000,1000000000,"['market', 'limit', 'stopLoss', 'stopLossLimit', 'takeProfit', 'takeProfitLimit']"
TNSR-EUR,trading,TNSR,EUR,5,3,5,1000000000,1000000000,"['market', 'limit', 'stopLoss', 'stopLossLimit', 'takeProfit', 'takeProfitLimit']"
FUEL-EUR,trading,FUEL,EUR,5,96.95806898,5,1000000000,1000000000,"['market', 'limit', 'stopLoss', 'stopLossLimit', 'takeProfit', 'takeProfitLimit']"
ARK-EUR,trading,ARK,EUR,5,5.19,5,1000000000,1000000000,"['market', 'limit', 'stopLoss', 'stopLossLimit', 'takeProfit', 'takeProfitLimit']"
1INCH-EUR,trading,1INCH,EUR,5,9.2,5,1000000000,1000000000,"['market', 'limit', 'stopLoss', 'stopLossLimit', 'takeProfit', 'takeProfitLimit']"
CTK-EUR,trading,CTK,EUR,5,6,5,1000000000,1000000000,"['market', 'limit', 'stopLoss', 'stopLossLimit', 'takeProfit', 'takeProfitLimit']"
ASTR-EUR,trading,ASTR,EUR,5,33,5,1000000000,1000000000,"['market', 'limit', 'stopLoss', 'stopLossLimit', 'takeProfit', 'takeProfitLimit']"
PENDLE-EUR,trading,PENDLE,EUR,5,0.824095,5,1000000000,1000000000,"['market', 'limit', 'stopLoss', 'stopLossLimit', 'takeProfit', 'takeProfitLimit']"
KMD-EUR,trading,KMD,EUR,5,15,5,1000000000,1000000000,"['market', 'limit', 'stopLoss', 'stopLossLimit', 'takeProfit', 'takeProfitLimit']"
TON-EUR,trading,TON,EUR,5,0.86518568,5,1000000000,1000000000,"['market', 'limit', 'stopLoss', 'stopLossLimit', 'takeProfit', 'takeProfitLimit']"
EIGEN-EUR,trading,EIGEN,EUR,5,1.5,5,1000000000,1000000000,"['market', 'limit', 'stopLoss', 'stopLossLimit', 'takeProfit', 'takeProfitLimit']"
STRAX-EUR,trading,STRAX,EUR,5,50,5,1000000000,1000000000,"['market', 'limit', 'stopLoss', 'stopLossLimit', 'takeProfit', 'takeProfitLimit']"
FLR-EUR,trading,FLR,EUR,5,133.1557923,5,1000000000,1000000000,"['market', 'limit', 'stopLoss', 'stopLossLimit', 'takeProfit', 'takeProfitLimit']"
UNI-EUR,trading,UNI,EUR,5,0.44000000,5.00,1000000000.00000000,1000000000.00,"['market', 'limit', 'stopLoss', 'stopLossLimit', 'takeProfit', 'takeProfitLimit']"
AAVE-EUR,trading,AAVE,EUR,5,0.02973,5,1000000000,1000000000,"['market', 'limit', 'stopLoss', 'stopLossLimit', 'takeProfit', 'takeProfitLimit']"
ME-EUR,trading,ME,EUR,5,1.18770088,5.00,1000000000.00000000,1000000000.00,"['market', 'limit', 'stopLoss', 'stopLossLimit', 'takeProfit', 'takeProfitLimit']"
NEO-EUR,trading,NEO,EUR,5,0.3,5,1000000000,1000000000,"['market', 'limit', 'stopLoss', 'stopLossLimit', 'takeProfit', 'takeProfitLimit']"
GMT-EUR,trading,GMT,EUR,5,17.28,5,1000000000,1000000000,"['market', 'limit', 'stopLoss', 'stopLossLimit', 'takeProfit', 'takeProfitLimit']"
VANA-EUR,trading,VANA,EUR,5,0.3089094,5,1000000000,1000000000,"['market', 'limit', 'stopLoss', 'stopLossLimit', 'takeProfit', 'takeProfitLimit']"
NPC-EUR,trading,NPC,EUR,5,178.00047861,5,1000000000,1000000000,"['market', 'limit', 'stopLoss', 'stopLossLimit', 'takeProfit', 'takeProfitLimit']"
COMBO-EUR,trading,COMBO,EUR,5,8,5,1000000000,1000000000,"['market', 'limit', 'stopLoss', 'stopLossLimit', 'takeProfit', 'takeProfitLimit']"
LUNA2-EUR,trading,LUNA2,EUR,5,6.61,5,1000000000,1000000000,"['market', 'limit', 'stopLoss', 'stopLossLimit', 'takeProfit', 'takeProfitLimit']"
SPX-EUR,trading,SPX,EUR,5,9.36745568,5.00,1000000000.00000000,1000000000.00,"['market', 'limit', 'stopLoss', 'stopLossLimit', 'takeProfit', 'takeProfitLimit']"
SLP-EUR,trading,SLP,EUR,5,814.00000000,5.00,1000000000.00000000,1000000000.00,"['market', 'limit', 'stopLoss', 'stopLossLimit', 'takeProfit', 'takeProfitLimit']"
GTC-EUR,trading,GTC,EUR,5,4.87849402,5,1000000000,1000000000,"['market', 'limit', 'stopLoss', 'stopLossLimit', 'takeProfit', 'takeProfitLimit']"
SNT-EUR,trading,SNT,EUR,5,106.53,5,1000000000,1000000000,"['market', 'limit', 'stopLoss', 'stopLossLimit', 'takeProfit', 'takeProfitLimit']"
TOSHI-EUR,halted,TOSHI,EUR,5,27456.63695143,5,1000000000,1000000000,"['market', 'limit', 'stopLoss', 'stopLossLimit', 'takeProfit', 'takeProfitLimit']"
MINA-EUR,trading,MINA,EUR,5,4.23,5,1000000000,1000000000,"['market', 'limit', 'stopLoss', 'stopLossLimit', 'takeProfit', 'takeProfitLimit']"
WLD-EUR,trading,WLD,EUR,5,0.74,5,1000000000,1000000000,"['market', 'limit', 'stopLoss', 'stopLossLimit', 'takeProfit', 'takeProfitLimit']"
OSMO-EUR,trading,OSMO,EUR,5,3.35,5,1000000000,1000000000,"['market', 'limit', 'stopLoss', 'stopLossLimit', 'takeProfit', 'takeProfitLimit']"
C98-EUR,trading,C98,EUR,5,13.37255951,5,1000000000,1000000000,"['market', 'limit', 'stopLoss', 'stopLossLimit', 'takeProfit', 'takeProfitLimit']"
ALPHA-EUR,trading,ALPHA,EUR,5,32.08,5,1000000000,1000000000,"['market', 'limit', 'stopLoss', 'stopLossLimit', 'takeProfit', 'takeProfitLimit']"
ETH-EUR,trading,ETH,EUR,5,0.001,5,1000000000,1000000000,"['market', 'limit', 'stopLoss', 'stopLossLimit', 'takeProfit', 'takeProfitLimit']"
ACT-EUR,trading,ACT,EUR,5,9.806733,5,1000000000,1000000000,"['market', 'limit', 'stopLoss', 'stopLossLimit', 'takeProfit', 'takeProfitLimit']"
HNT-EUR,trading,HNT,EUR,5,0.3,5,1000000000,1000000000,"['market', 'limit', 'stopLoss', 'stopLossLimit', 'takeProfit', 'takeProfitLimit']"
MOG-EUR,trading,MOG,EUR,5,2623210.00297265,5,10000000000,1000000000,"['market', 'limit', 'stopLoss', 'stopLossLimit', 'takeProfit', 'takeProfitLimit']"
AIXBT-EUR,trading,AIXBT,EUR,5,21.52244773,5,1000000000,1000000000,"['market', 'limit', 'stopLoss', 'stopLossLimit', 'takeProfit', 'takeProfitLimit']"
MBOX-EUR,trading,MBOX,EUR,5,11.25365744,5,1000000000,1000000000,"['market', 'limit', 'stopLoss', 'stopLossLimit', 'takeProfit', 'takeProfitLimit']"
CATI-EUR,trading,CATI,EUR,5,5.55555556,5,1000000000,1000000000,"['market', 'limit', 'stopLoss', 'stopLossLimit', 'takeProfit', 'takeProfitLimit']"
MDT-EUR,trading,MDT,EUR,5,55,5,1000000000,1000000000,"['market', 'limit', 'stopLoss', 'stopLossLimit', 'takeProfit', 'takeProfitLimit']"
OM-EUR,trading,OM,EUR,5,3.49288500,5.00,1000000000.00000000,1000000000.00,"['market', 'limit', 'stopLoss', 'stopLossLimit', 'takeProfit', 'takeProfitLimit']"
DRIFT-EUR,trading,DRIFT,EUR,5,3.849186,5,1000000000,1000000000,"['market', 'limit', 'stopLoss', 'stopLossLimit', 'takeProfit', 'takeProfitLimit']"
DEGEN-EUR,trading,DEGEN,EUR,5,651.02917590,5.00,1000000000.00000000,1000000000.00,"['market', 'limit', 'stopLoss', 'stopLossLimit', 'takeProfit', 'takeProfitLimit']"
FORTH-EUR,trading,FORTH,EUR,5,1.19,5,1000000000,1000000000,"['market', 'limit', 'stopLoss', 'stopLossLimit', 'takeProfit', 'takeProfitLimit']"
GMX-EUR,trading,GMX,EUR,5,0.1,5,1000000000,1000000000,"['market', 'limit', 'stopLoss', 'stopLossLimit', 'takeProfit', 'takeProfitLimit']"
MOVE-EUR,trading,MOVE,EUR,5,6.90398746,5,1000000000,1000000000,"['market', 'limit', 'stopLoss', 'stopLossLimit', 'takeProfit', 'takeProfitLimit']"
S-EUR,trading,S,EUR,5,6.99988934,5,1000000000,1000000000,"['market', 'limit', 'stopLoss', 'stopLossLimit', 'takeProfit', 'takeProfitLimit']"
GALA-EUR,trading,GALA,EUR,5,119,5,1000000000,1000000000,"['market', 'limit', 'stopLoss', 'stopLossLimit', 'takeProfit', 'takeProfitLimit']"
HYPE-EUR,trading,HYPE,EUR,5,0.19819968,5,1000000000,1000000000,"['market', 'limit', 'stopLoss', 'stopLossLimit', 'takeProfit', 'takeProfitLimit']"
CRO-EUR,trading,CRO,EUR,5,38.00000000,5.00,1000000000.00000000,1000000000.00,"['market', 'limit', 'stopLoss', 'stopLossLimit', 'takeProfit', 'takeProfitLimit']"
SNX-EUR,trading,SNX,EUR,5,1.22,5,1000000000,1000000000,"['market', 'limit', 'stopLoss', 'stopLossLimit', 'takeProfit', 'takeProfitLimit']"
BTC-USDC,trading,BTC,USDC,5,0.00005680527153,5,1000000000,1000000000,"['market', 'limit', 'stopLoss', 'stopLossLimit', 'takeProfit', 'takeProfitLimit']"
ENA-EUR,trading,ENA,EUR,5,4,5,1000000000,1000000000,"['market', 'limit', 'stopLoss', 'stopLossLimit', 'takeProfit', 'takeProfitLimit']"
T-EUR,trading,T,EUR,5,156.75,5,1000000000,1000000000,"['market', 'limit', 'stopLoss', 'stopLossLimit', 'takeProfit', 'takeProfitLimit']"
BONK-EUR,trading,BONK,EUR,5,143266.475645,5,10000000000,1000000000,"['market', 'limit', 'stopLoss', 'stopLossLimit', 'takeProfit', 'takeProfitLimit']"
SYN-EUR,trading,SYN,EUR,5,3.333333333,5,1000000000,1000000000,"['market', 'limit', 'stopLoss', 'stopLossLimit', 'takeProfit', 'takeProfitLimit']"
CYBER-EUR,trading,CYBER,EUR,5,0.61,5,1000000000,1000000000,"['market', 'limit', 'stopLoss', 'stopLossLimit', 'takeProfit', 'takeProfitLimit']"
DOT-USDC,trading,DOT,USDC,5,0.55,5,1000000000,1000000000,"['market', 'limit', 'stopLoss', 'stopLossLimit', 'takeProfit', 'takeProfitLimit']"
CVX-EUR,trading,CVX,EUR,5,1.05000000,5.00,1000000000.00000000,1000000000.00,"['market', 'limit', 'stopLoss', 'stopLossLimit', 'takeProfit', 'takeProfitLimit']"
LINA-EUR,trading,LINA,EUR,5,431,5,1000000000,1000000000,"['market', 'limit', 'stopLoss', 'stopLossLimit', 'takeProfit', 'takeProfitLimit']"
OP-EUR,trading,OP,EUR,5,1.39000000,5.00,1000000000.00000000,1000000000.00,"['market', 'limit', 'stopLoss', 'stopLossLimit', 'takeProfit', 'takeProfitLimit']"
ID-EUR,trading,ID,EUR,5,8.43,5,1000000000,1000000000,"['market', 'limit', 'stopLoss', 'stopLossLimit', 'takeProfit', 'takeProfitLimit']"
GIGA-EUR,trading,GIGA,EUR,5,90.27078884,5,1000000000,1000000000,"['market', 'limit', 'stopLoss', 'stopLossLimit', 'takeProfit', 'takeProfitLimit']"
ACX-EUR,trading,ACX,EUR,5,5.50258621,5,1000000000,1000000000,"['market', 'limit', 'stopLoss', 'stopLossLimit', 'takeProfit', 'takeProfitLimit']"
STORJ-EUR,trading,STORJ,EUR,5,6.64,5,1000000000,1000000000,"['market', 'limit', 'stopLoss', 'stopLossLimit', 'takeProfit', 'takeProfitLimit']"
EUROC-EUR,trading,EUROC,EUR,5,5.000000,5.00,1000000000.000000,1000000000.00,"['market', 'limit', 'stopLoss', 'stopLossLimit', 'takeProfit', 'takeProfitLimit']"
